ファイル名,元ページ,分類,用途,注意,横px,縦px
01_nanaly_logo_header.png,3,images,NANALY ロゴ／ヘッダー,背景色を含む,465,104
02_main_product_transparent.png,2,images,製品全景／透明背景,元デザインから生成した商品イメージ。実機形状は要照合,1024,1536
03_touch_panel.jpg,3,images,タッチパネル拡大,画面の細かな文字は生成画像のためダミー,685,510
04_device_detail.jpg,3,images,製品上部とハンドピース,左上の画面と右側のハンドピース,831,643
05_handpiece.jpg,4,images,照射ハンドピース,淡いブルーの背景込み,849,537
06_salon_room_clean.png,7,images,店舗イメージ写真,中央のラベルを画像補修で除去した生成イメージ,1760,896
07_product_small.jpg,1,images,小型製品イメージ,低解像度のため小さな表示に適する,205,324
08_faq_product.jpg,9,images,FAQ下部の製品イメージ,背景付きの部分切り出し,428,330
issue_cards.png,1,reference_graphics,悩みの3カード,文字やアイコンはサイト実装時に再作成推奨,857,747
operation_steps.png,3,reference_graphics,操作の3ステップ,文字を含むデザイン参照,882,297
power_slider.png,4,reference_graphics,1〜30段階の出力調整図,サイト実装時はスライダーをHTML/CSSで再作成,847,339
feature_comparison.png,5,reference_graphics,機能を絞った比較図,文字を含むデザイン参照,864,625
subsidy_support.png,8,reference_graphics,補助金相談バナー,着手金等の表現は公開前確認,885,416
subsidy_steps.png,8,reference_graphics,補助金相談の3ステップ,文字を含むデザイン参照,883,310
salon_case_card.png,7,reference_graphics,導入店カード枠,掲載準備中の仮デザイン。実績写真ではない,851,152
